Timestamp,Which machine library do you use the most?,Which areas or modality of machine learning / science does your team work on?,Which use-cases does your team use machine learning for?,"How long does it take your team to productionise a model (including data ingestion, etc)? ",Which cloud platform do you use the most?,Select the top 3 biggest challenges that you face when productionising your machine learning models,"For Model Registry and/or Experiment tracking, what tool do you use the most? Skip this question if you don't use any.","For Feature Store, what tool do you use the most? Skip this question if you don't use any.","For Vector Database, what tool do you use the most? Skip this question if you don't use any.","For ETL / Workflow Orchestrator, what tool do you use the most? Skip this question if you don't use any.","For Model Training and Experimentation Platform, what tool do you use the most? Skip this question if you don't use any.","For Real Time Model Serving, what tool do you use the most? Skip this question if you don't use any.","For Model Monitoring, what tool do you use the most? Skip this question if you don't use any.","For Central Data Platform / Data Lake, what tool do you use the most? Skip this question if you don't use any.","For Managed Foundation Model / LLM Api Services, what tool do you use the most? Skip this question if you don't use any.",Which industry are you in?,How large is your organisation?,How models does your organisation have in production? This can be a guesstimate and doesn't have to be an accurate number.,"In 12 months from today, how many models does your organisation plan to have in production by then? This can be a guesstimate and doesn't have to be an accurate number.",Select which of the following your organisation has set up:,What approximate percentage of your models run real-time INFERENCE instead of batch?,"When productionising a machine learning model, does your infrastructure enable any of the following deployment methods?","What is the ""job family"" of your role?",How would you describe your role?,What is your age?,What is your country of residence?,How do you self identify?,Name of your company / employer,Score,Email Address
31/08/2025 15:20:27,PyTorch/Lightning/Fast.ai,"Image / Computer Vision, LLMs, Recommender Systems, Text / NLP (Non-LLM), Time Series / Forecasting","Demand Forecasting, Search, Recommender systems, Fraud, Risk",Less than 3 months,Google Cloud Platform,"Inconsistency of training and experimentation environments, Building production-grade machine learning and data pipelines, Machine learning security",Weights & Biases,,,Airflow,Google Cloud Vertex AI,FastAPI/Flask Wrapper,Custom Built In-house tool,GCP / BigLake,Google Gemini,Technology,10-50 employees,2-5,10-20,"Central Machine Learning Platform / Team, AI Risk & Governance Function",Between 10% and 30%,"A/B Tests for Models, CI/CD for continuous deployment",Machine Learning Engineer,Individual Contributor (Staff+),35-39,India,Male,Buzzai Technologies,,
31/08/2025 16:48:42,PyTorch/Lightning/Fast.ai,"Search, Time Series / Forecasting","Demand Forecasting, Search",Less than a month,Azure,"Access to relevant data for training, Lack of specialised engineers, Showcasing business impact and business value",MLFlow,,,,Databricks,Databricks,,Deltalake,Azure AI,Healthcare,"5,000-50,000 employees",2-5,10-20,"Data Platform / Data Engineering Organisation, AI Risk & Governance Function, AI Inventory (Keeping track of all AI usecases and models)",Less than 10%,"CI/CD for continuous deployment, Development-Staging-Production Environments",Product Manager,Director/VP,35-39,,Prefer to not disclose,,,
31/08/2025 17:15:33,synapse,Tabular,"Marketing Intelligence, Risk, Pricing",Less than 3 months,Azure,"Building production-grade machine learning and data pipelines, Machine learning security, Governance and domain risks",MLFlow,Custom Built In-house tool,,Custom Built In-house tool,Databricks,FastAPI/Flask Wrapper,,Azure DataLake,OpenAI,Financial services,"5,000-50,000 employees",100-1000,21-100,"A Developer Productivity Team which also covers machine learning, Central Machine Learning Platform / Team, Data Platform / Data Engineering Organisation, AI Risk & Governance Function",Between 10% and 30%,"A/B Tests for Models, CI/CD for continuous deployment, Development-Staging-Production Environments",Machine Learning Engineer,Individual Contributor (Junior to Senior),30-34,,Male,,,
31/08/2025 17:51:22,Sklearn,"LLMs, Tabular, Text / NLP (Non-LLM), Time Series / Forecasting","Demand Forecasting, Pricing",Less than a month,Azure,"Inconsistency of training and experimentation environments, Machine learning monitoring and observability, Governance and domain risks",MLFlow,databricks feature store,,Databricks,Databricks,Databricks,Databricks,Azure DataLake,Azure AI,Transportation & warehousing,"5,000-50,000 employees",100-1000,100-1000,"A Developer Productivity Team which also covers machine learning, Central Machine Learning Platform / Team, Data Platform / Data Engineering Organisation, AI Risk & Governance Function",Less than 10%,"CI/CD for continuous deployment, Development-Staging-Production Environments",MLOps Engineer,Individual Contributor (Junior to Senior),25-29,India,Male,volvo group,,
31/08/2025 18:38:31,Sklearn,Recommender Systems,Recommender systems,Less than a month,Amazon Web Services,"Inconsistency of training and experimentation environments, Gaps in tooling and support for model productionisation, Lack of specialised engineers",MLFlow,Custom Built In-house tool,,Airflow,Custom Built In-house tool,Custom Built In-house tool,Custom Built In-house tool,AWS / Lakeformation,,Media & Entertainment,10-50 employees,10-20,,,More than 90%,"Canary Deployments, A/B Tests for Models, Progressive Rollouts, CI/CD for continuous deployment, Development-Staging-Production Environments",Machine Learning Engineer,Individual Contributor (Staff+),35-39,Finland,Male,,,
31/08/2025 20:30:59,Sklearn,"LLMs, Tabular, Text / NLP (Non-LLM), Time Series / Forecasting","Marketing Intelligence, Fraud",Less than a month,Google Cloud Platform,,,,,ZenML,,,,,,Technology,10-50 employees,2-5,2-5,,,,MLOps Engineer,,30-34,Germany,Male,,,
31/08/2025 20:44:11,PyTorch/Lightning/Fast.ai,Image / Computer Vision,Anomaly detection ,Less than 6 months,Google Cloud Platform,"Building production-grade machine learning and data pipelines, Governance and domain risks",MLFlow,Custom Built In-house tool,Custom Built In-house tool,Custom Built In-house tool,Google Cloud Vertex AI,FastAPI/Flask Wrapper,Custom Built In-house tool,GCP / BigLake,Google Gemini,Retail,"5,000-50,000 employees",100-1000,5-9,Central Machine Learning Platform / Team,,,MLOps Engineer,Individual Contributor (Junior to Senior),35-39,Swiss,Male,,,
01/09/2025 05:52:46,PyTorch/Lightning/Fast.ai,Recommender Systems,Recommender systems,Less than a month,Amazon Web Services,"Lack of specialised engineers, Showcasing business impact and business value",Weights & Biases,,Elasticsearch,Custom Built In-house tool,Custom Built In-house tool,Sagemaker,,GCP / BigLake,Google Gemini,Media & Entertainment,"1,000-5,000 employees",2-5,2-5,AI Inventory (Keeping track of all AI usecases and models),Between 50% and 90%,"A/B Tests for Models, CI/CD for continuous deployment, Development-Staging-Production Environments",Machine Learning Engineer,Individual Contributor (Junior to Senior),30-34,Japan,Male,,,
01/09/2025 08:59:13,XGBoost,"LLMs, Search, Text / NLP (Non-LLM)","Marketing Intelligence, Search, Risk",Less than a month,Amazon Web Services,"Inconsistency of training and experimentation environments, Access to relevant data for training, Building production-grade machine learning and data pipelines",MLFlow,,Weaviate,Airflow,Google Cloud Vertex AI,FastAPI/Flask Wrapper,,,,Risk Management,50-250 employees,5-9,10-20,AI Risk & Governance Function,Less than 10%,"CI/CD for continuous deployment, Development-Staging-Production Environments",Machine Learning Engineer,Individual Contributor (Junior to Senior),22-24,India,Male,,,
01/09/2025 10:25:35,Catboost,"Recommender Systems, Tabular, Time Series / Forecasting","Recommender systems, Pricing",Less than 3 months,Amazon Web Services,"Showcasing business impact and business value, Building production-grade machine learning and data pipelines, Machine learning monitoring and observability",MLFlow,FEAST,Custom Built In-house tool,Airflow,Amazon SageMaker,,,Snowflake,Google Gemini,Food,"250-1,000 employees",5-9,5-9,,Less than 10%,"A/B Tests for Models, CI/CD for continuous deployment",Machine Learning Engineer,Individual Contributor (Junior to Senior),35-39,Germany,Male,,,
01/09/2025 10:42:34,JAX,Physics-informed ML,Simulations,,Azure,"Gaps in tooling and support for model productionisation, Governance and domain risks, Lack of data",Custom Built In-house tool,,,GitHub actions,Azure ML Studio,Tesseract Core,,,,Engineering design,10-50 employees,,,Central Machine Learning Platform / Team,,CI/CD for continuous deployment,Machine Learning Engineer,Individual Contributor (Staff+),35-39,UK,Male,,,
01/09/2025 15:54:23,Sklearn,"LLMs, Recommender Systems, Search, Tabular, Time Series / Forecasting, Simulations","Demand Forecasting, Search, Recommender systems",Less than a year,Azure,"Governance and domain risks, incorporating the Machine Learning Model in the right place in the business process",MLFlow,,Azure AI,Airflow,Databricks,FastAPI/Flask Wrapper,Custom Built In-house tool,Deltalake,Azure AI,Aerospace & defense,"1,000-5,000 employees",10-20,21-100,"Central Machine Learning Platform / Team, Data Platform / Data Engineering Organisation, AI Risk & Governance Function",Between 10% and 30%,"CI/CD for continuous deployment, Development-Staging-Production Environments",MLOps Engineer,Individual Contributor (Junior to Senior),30-34,the Netherlands,Male,Royal Schiphol Group,,
01/09/2025 20:21:47,XGBoost,"Recommender Systems, Text / NLP (Non-LLM)","Marketing Intelligence, Fraud, Risk",More than a year,Google Cloud Platform,"Inconsistency of training and experimentation environments, Showcasing business impact and business value, Machine learning monitoring and observability",MLFlow,Custom Built In-house tool,Custom Built In-house tool,Airflow,Amazon SageMaker,Sagemaker,AWS Clarify,GCP / BigLake,Google Gemini,Telecommunications,"5,000-50,000 employees",21-100,,"Central Machine Learning Platform / Team, Data Platform / Data Engineering Organisation, AI Risk & Governance Function",Between 10% and 30%,"Canary Deployments, A/B Tests for Models, CI/CD for continuous deployment, Development-Staging-Production Environments",MLOps Engineer,Individual Contributor (Junior to Senior),30-34,Netherlands,Male,,,
01/09/2025 22:15:29,TensorFlow,"Tabular, Text / NLP (Non-LLM), Time Series / Forecasting","Demand Forecasting, Marketing Intelligence, Risk, Pricing",Less than 6 months,,"Gaps in tooling and support for model productionisation, Lack of specialised data scientists, Building production-grade machine learning and data pipelines",MLFlow,,,Oozie,Cloudera ,,,Cloudera/HDFS/Hive,,Utilities,"1,000-5,000 employees",2-5,2-5,"Data Platform / Data Engineering Organisation, AI Risk & Governance Function",Less than 10%,Development-Staging-Production Environments,Machine Learning Engineer,Individual Contributor (Junior to Senior),25-29,USA,Male,,,
02/09/2025 04:59:57,PyTorch/Lightning/Fast.ai,"LLMs, Recommender Systems, Tabular, Time Series / Forecasting","Demand Forecasting, Marketing Intelligence, Recommender systems, Risk, Pricing",Less than 3 months,Amazon Web Services,"Inconsistency of training and experimentation environments, Access to relevant data for training, Machine learning monitoring and observability",Weights & Biases,Hopsworks,Pinecone,Airflow,Amazon SageMaker,FastAPI/Flask Wrapper,Arize AI,Snowflake,OpenAI,Food,Less than 10 employees,2-5,2-5,"A Developer Productivity Team which also covers machine learning, Central Machine Learning Platform / Team, Data Platform / Data Engineering Organisation, AI Risk & Governance Function, AI Inventory (Keeping track of all AI usecases and models)",Less than 10%,"Canary Deployments, A/B Tests for Models, Progressive Rollouts, CI/CD for continuous deployment",Machine Learning Engineer,Individual Contributor (Junior to Senior),22-24,india,Male,,,
02/09/2025 19:17:45,Sklearn,"Causal Inference, LLMs, Recommender Systems, Time Series / Forecasting","Demand Forecasting, Marketing Intelligence, Recommender systems, Fraud",Less than 6 months,Google Cloud Platform,"Access to relevant data for training, Machine learning monitoring and observability, Governance and domain risks",Custom Built In-house tool,Custom Built In-house tool,Turbopuffer,Custom Built In-house tool,Google Cloud Vertex AI,Custom Built In-house tool,Arize AI,GCP / BigLake,Fuel iX ,Technology,"50,000+ employees",100-1000,100-1000,"Central Machine Learning Platform / Team, Data Platform / Data Engineering Organisation, AI Risk & Governance Function, AI Inventory (Keeping track of all AI usecases and models)",,"A/B Tests for Models, CI/CD for continuous deployment, Development-Staging-Production Environments",,Individual Contributor (Junior to Senior),30-34,Canada,Male,,,
05/09/2025 00:23:13,PyTorch/Lightning/Fast.ai,"Image / Computer Vision, LLMs",AI Products,Less than a week,Google Cloud Platform,,Custom Built In-house tool,,,Flyte,,Custom Built In-house tool,Custom Built In-house tool,,,Technology,50-250 employees,,,Central Machine Learning Platform / Team,,"Canary Deployments, A/B Tests for Models, Progressive Rollouts, CI/CD for continuous deployment, Development-Staging-Production Environments",MLOps Engineer,Individual Contributor (Staff+),30-34,Germany,Male,,,
05/09/2025 10:15:43,langgraph,"LLMs, Speech to text","Marketing Intelligence, Customer support",Less than 3 months,Google Cloud Platform,"Showcasing business impact and business value, Machine learning monitoring and observability, Machine learning security",,,,Airflow,,FastAPI/Flask Wrapper,,Custom Built In-house tool,OpenAI,insurtech,50-250 employees,1,2-5,"Central Machine Learning Platform / Team, AI Risk & Governance Function, AI Inventory (Keeping track of all AI usecases and models)",More than 90%,"CI/CD for continuous deployment, Development-Staging-Production Environments",Machine Learning Engineer,Director/VP,30-34,Spain,Male,,,
07/09/2025 15:28:35,XGBoost,"Causal Inference, LLMs, Search, Text / NLP (Non-LLM), Time Series / Forecasting","Demand Forecasting, Marketing Intelligence, Fraud, Pricing",Less than 6 months,Amazon Web Services,"Access to relevant data for training, Building production-grade machine learning and data pipelines, Machine learning security",Weights & Biases,FEAST,Custom Built In-house tool,Amazon Glue,Amazon SageMaker,Sagemaker,Neptune AI,Custom Built In-house tool,Amazon Bedrock,Automobile ,"1,000-5,000 employees",2-5,21-100,"A Developer Productivity Team which also covers machine learning, AI Inventory (Keeping track of all AI usecases and models)",Between 50% and 90%,"Progressive Rollouts, CI/CD for continuous deployment, Development-Staging-Production Environments",Machine Learning Engineer,Individual Contributor (Junior to Senior),22-24,India,Male,,,
07/09/2025 17:22:07,PyTorch/Lightning/Fast.ai,Recommender Systems,Risk,Less than a week,Azure,"Lack of specialised data scientists, Building production-grade machine learning and data pipelines, Machine learning security",Spreadsheets,Custom Built In-house tool,Pinecone,Celery,Custom Built In-house tool,Custom Built In-house tool,Arize AI,AWS / Lakeformation,Google Gemini,Aerospace & defense,10-50 employees,5-9,10-20,A Developer Productivity Team which also covers machine learning,Between 10% and 30%,Progressive Rollouts,Business / Domain Practitioner,Director/VP,35-39,India,Male,,,
07/09/2025 17:43:16,Sklearn,LLMs,"Fraud, Risk",Less than a month,Azure,"Access to relevant data for training, Machine learning monitoring and observability, Governance and domain risks",MLFlow,,Elasticsearch,Azure ML Pipelines,Azure ML Studio,Azure managed online endpoints,,,Azure AI,Government,"5,000-50,000 employees",21-100,5-9,AI Risk & Governance Function,More than 90%,Development-Staging-Production Environments,Machine Learning Engineer,Individual Contributor (Staff+),30-34,UK,Male,,,
07/09/2025 18:15:44,PyTorch/Lightning/Fast.ai,"Image / Computer Vision, LLMs, Tabular, Text / NLP (Non-LLM)",AI Products,More than a year,SSPCloud,"Inconsistency of training and experimentation environments, Lack of specialised engineers, Machine learning monitoring and observability",MLFlow,Custom Built In-house tool,,Argo Workflows,,FastAPI/Flask Wrapper,,,,"government, official statistics","1,000-5,000 employees",5-9,10-20,,Less than 10%,"Canary Deployments, A/B Tests for Models, Progressive Rollouts, CI/CD for continuous deployment, Development-Staging-Production Environments",MLOps Engineer,Individual Contributor (Staff+),40-44,france,Male,,,
07/09/2025 19:59:15,XGBoost,"LLMs, Recommender Systems, Tabular, Time Series / Forecasting","Demand Forecasting, Recommender systems, Fraud",Less than a month,Amazon Web Services,"Lack of specialised engineers, Showcasing business impact and business value, Machine learning monitoring and observability",Hopsworks Model Registry,Hopsworks,Hopsworks,Hopsworks,Hopsworks,KServe,NannyML,Deltalake,Google Gemini,Media & Entertainment,"5,000-50,000 employees",21-100,100-1000,"Central Machine Learning Platform / Team, Data Platform / Data Engineering Organisation, AI Risk & Governance Function",Between 10% and 30%,"Canary Deployments, CI/CD for continuous deployment, Development-Staging-Production Environments",Machine Learning Engineer,Individual Contributor (Staff+),40-44,Ireland,Male,,,
07/09/2025 20:43:18,PyTorch/Lightning/Fast.ai,"Image / Computer Vision, LLMs, Text / NLP (Non-LLM), Time Series / Forecasting","Demand Forecasting, Search, Risk, Anomaly detection",Less than 3 months,Amazon Web Services,lack of general engineers,MLFlow,,Milvus,Airflow,MLFlow,KServe,Evidently AI,Custom Built In-house tool,Anthropic,Aerospace & defense,"5,000-50,000 employees",100-1000,1000+,"A Developer Productivity Team which also covers machine learning, Central Machine Learning Platform / Team, AI Risk & Governance Function",Less than 10%,"Canary Deployments, A/B Tests for Models, Progressive Rollouts, CI/CD for continuous deployment, Development-Staging-Production Environments",MLOps Engineer,Individual Contributor (Junior to Senior),40-44,united states,Male,,,
07/09/2025 23:01:15,XGBoost,"LLMs, Tabular, Text / NLP (Non-LLM)","Demand Forecasting, Marketing Intelligence, Pricing",Less than 3 months,Amazon Web Services,"Showcasing business impact and business value, Building production-grade machine learning and data pipelines",,,Azure AI,Dagster,Google Cloud Vertex AI,,,Deltalake,Azure AI,Consulting,"5,000-50,000 employees",10-20,10-20,"A Developer Productivity Team which also covers machine learning, Data Platform / Data Engineering Organisation, AI Risk & Governance Function",Less than 10%,"Canary Deployments, CI/CD for continuous deployment, Development-Staging-Production Environments",Machine Learning Engineer,Director/VP,40-44,Japan,Male,Boston Consulting Group (BCG),,
08/09/2025 07:57:40,Darts,Time Series / Forecasting,Demand Forecasting,Less than a month,IONOS,Access to relevant data for training,Weights & Biases,Custom Built In-house tool,,Airflow,Custom Built In-house tool,Custom Built In-house tool,,,,Retail,10-50 employees,21-100,100-1000,"Central Machine Learning Platform / Team, Data Platform / Data Engineering Organisation, AI Risk & Governance Function",Less than 10%,,Software Engineer,C-Suite,30-34,Germany,Male,,,
08/09/2025 08:36:42,PyTorch/Lightning/Fast.ai,"Image / Computer Vision, LLMs, Recommender Systems, Tabular, Time Series / Forecasting","Demand Forecasting, Marketing Intelligence, Recommender systems, Fraud, Risk",Less than a week,Amazon Web Services,"Gaps in tooling and support for model productionisation, Building production-grade machine learning and data pipelines, Machine learning monitoring and observability",Weights & Biases,,Weaviate,Amazon Glue,Amazon SageMaker,FastAPI/Flask Wrapper,Evidently AI,AWS / Lakeformation,OpenAI,Insurance,"5,000-50,000 employees",5-9,2-5,Data Platform / Data Engineering Organisation,Between 10% and 30%,"Canary Deployments, A/B Tests for Models, CI/CD for continuous deployment",MLOps Engineer,Individual Contributor (Staff+),45-49,"Bangalore, INDIA",Male,,,
08/09/2025 10:13:39,PyTorch/Lightning/Fast.ai,"LLMs, Recommender Systems, Search, Text / NLP (Non-LLM)","Marketing Intelligence, Recommender systems",Less than 3 months,Azure,"Showcasing business impact and business value, Machine learning monitoring and observability, Governance and domain risks",MLFlow,,Elasticsearch,Databricks,Databricks,FastAPI/Flask Wrapper,Custom Built In-house tool,Deltalake,OpenAI,Consultancy,10-50 employees,5-9,10-20,"Central Machine Learning Platform / Team, Data Platform / Data Engineering Organisation",Less than 10%,"A/B Tests for Models, CI/CD for continuous deployment, Development-Staging-Production Environments",Data Scientist,Individual Contributor (Staff+),45-49,Netherlands,Male,,,
08/09/2025 14:57:40,LightGBM,"LLMs, Tabular, Time Series / Forecasting",Fraud,Less than a month,Amazon Web Services,"Machine learning monitoring and observability, Machine learning security, Governance and domain risks",Custom Built In-house tool,Custom Built In-house tool,,Airflow,Custom Built In-house tool,Triton,,Custom Built In-house tool,Amazon Bedrock,Financial services,"250-1,000 employees",21-100,100-1000,"Central Machine Learning Platform / Team, Data Platform / Data Engineering Organisation",More than 90%,"Canary Deployments, Progressive Rollouts, CI/CD for continuous deployment",Software Engineer,Director/VP,35-39,Portugal,Female,,,
08/09/2025 15:00:33,Sklearn,"LLMs, Recommender Systems, Tabular, Time Series / Forecasting","Demand Forecasting, Marketing Intelligence, Recommender systems",Less than 3 months,Databricks,"Inconsistency of training and experimentation environments, Building production-grade machine learning and data pipelines, Machine learning monitoring and observability",MLFlow,,,Databricks,Databricks,Databricks,,Deltalake,OpenAI,Media & Entertainment,"5,000-50,000 employees",5-9,10-20,"A Developer Productivity Team which also covers machine learning, Central Machine Learning Platform / Team, Data Platform / Data Engineering Organisation",Between 10% and 30%,"A/B Tests for Models, CI/CD for continuous deployment, Development-Staging-Production Environments",Data Scientist,Individual Contributor (Staff+),35-39,Canada,Male,,,
08/09/2025 16:25:57,XGBoost,Tabular,AI Products,Less than a month,Amazon Web Services,Machine learning monitoring and observability,MLFlow,Custom Built In-house tool,,,Amazon SageMaker,Seldon Core,,,,Transportation & warehousing,"250-1,000 employees",2-5,5-9,"Central Machine Learning Platform / Team, Data Platform / Data Engineering Organisation",More than 90%,CI/CD for continuous deployment,MLOps Engineer,Individual Contributor (Junior to Senior),30-34,France,Female,,,
09/09/2025 07:51:14,spaCy,"Search, Text / NLP (Non-LLM)","Search, Information Extraction",,Azure,,,,LanceDB,,,FastAPI/Flask Wrapper,,,Ollama,Telecommunications,50-250 employees,,,,,CI/CD for continuous deployment,Software Engineer,Individual Contributor (Junior to Senior),30-34,Germany,Male,,,
14/09/2025 12:12:28,Sklearn,"Image / Computer Vision, LLMs, Recommender Systems, Text / NLP (Non-LLM), Time Series / Forecasting","Demand Forecasting, Marketing Intelligence, Search, Recommender systems",Less than a month,Amazon Web Services,"Inconsistency of training and experimentation environments, Access to relevant data for training, Building production-grade machine learning and data pipelines",Data Version Control (DVC),,Pinecone,Airflow,Amazon SageMaker,Sagemaker,,Snowflake,OpenAI,,,,,,,,Software Engineer,Individual Contributor (Junior to Senior),22-24,,Male,,,
14/09/2025 14:33:56,PyTorch/Lightning/Fast.ai,"Image / Computer Vision, LLMs, Recommender Systems, Tabular, Time Series / Forecasting","Demand Forecasting, Search, Recommender systems, Risk, Pricing",Less than a month,Google Cloud Platform,"Inconsistency of training and experimentation environments, Access to relevant data for training, Machine learning security",MLFlow,Fennel,Milvus,Airflow,Amazon SageMaker,BentoML,Neptune AI,Snowflake,Google Gemini,Technology,Less than 10 employees,2-5,5-9,"A Developer Productivity Team which also covers machine learning, Central Machine Learning Platform / Team, Data Platform / Data Engineering Organisation",Between 10% and 30%,"A/B Tests for Models, CI/CD for continuous deployment",Machine Learning Engineer,Individual Contributor (Junior to Senior),35-39,Nigeria,Male,,,
14/09/2025 15:41:17,Sklearn,"LLMs, Recommender Systems, Search, Text / NLP (Non-LLM), Time Series / Forecasting","Demand Forecasting, Marketing Intelligence, Search, Recommender systems",Less than 3 months,Google Cloud Platform,"Gaps in tooling and support for model productionisation, Access to relevant data for training, Showcasing business impact and business value",Data Version Control (DVC),Custom Built In-house tool,Weaviate,Airflow,Google Cloud Vertex AI,FastAPI/Flask Wrapper,Evidently AI,GCP / BigLake,Google Gemini,Consulting,"1,000-5,000 employees",10-20,21-100,"A Developer Productivity Team which also covers machine learning, Data Platform / Data Engineering Organisation",Less than 10%,"Canary Deployments, A/B Tests for Models, CI/CD for continuous deployment",Data Scientist,Individual Contributor (Staff+),35-39,Mexico,Male,,,
15/09/2025 10:16:37,PyTorch/Lightning/Fast.ai,Time Series / Forecasting,Embedded Systems,Less than a week,Amazon Web Services,"Inconsistency of training and experimentation environments, Access to relevant data for training, It/ot integration",MLFlow,,,Airflow,Databricks,,Custom Built In-house tool,Deltalake,,Manufacturing ,"1,000-5,000 employees",21-100,100-1000,"A Developer Productivity Team which also covers machine learning, Central Machine Learning Platform / Team, Data Platform / Data Engineering Organisation",Less than 10%,"A/B Tests for Models, CI/CD for continuous deployment",Machine Learning Engineer,Director/VP,40-44,Germany,Male,,,
15/09/2025 10:27:19,TensorFlow,"LLMs, Text / NLP (Non-LLM)","Search, Fraud, Risk",Less than 3 months,Amazon Web Services,"Gaps in tooling and support for model productionisation, Lack of specialised engineers, Building production-grade machine learning and data pipelines",MLFlow,,ElasticSearch,Airflow,Kedro,AWS,Grafana,StarRocks,Amazon Bedrock,Financial services,10-50 employees,2-5,5-9,Data Platform / Data Engineering Organisation,Between 50% and 90%,"CI/CD for continuous deployment, Development-Staging-Production Environments",Machine Learning Engineer,Individual Contributor (Junior to Senior),35-39,Netherlands,Male,,,
15/09/2025 10:51:39,PyTorch/Lightning/Fast.ai,"Causal Inference, Image / Computer Vision, LLMs","Demand Forecasting, Search",Less than 3 months,Azure,"Lack of specialised engineers, Building production-grade machine learning and data pipelines, Governance and domain risks",MLFlow,,Azure AI,Azure Data Factory,Azure ML Studio,FastAPI/Flask Wrapper,,Azure DataLake,OpenAI,Healthcare,"1,000-5,000 employees",100-1000,10-20,"Data Platform / Data Engineering Organisation, AI Risk & Governance Function, AI Inventory (Keeping track of all AI usecases and models)",Less than 10%,"CI/CD for continuous deployment, Development-Staging-Production Environments",Machine Learning Engineer,Manager,35-39,India,Male,,,
15/09/2025 12:03:27,Sklearn,"Image / Computer Vision, LLMs",Risk,Less than 3 months,Amazon Web Services,"Inconsistency of training and experimentation environments, Gaps in tooling and support for model productionisation, Building production-grade machine learning and data pipelines",,,,,Custom Built In-house tool,KServe,,,Azure AI,Technology,10-50 employees,10-20,21-100,,Between 50% and 90%,"Canary Deployments, Progressive Rollouts, CI/CD for continuous deployment, Development-Staging-Production Environments",MLOps Engineer,Manager,,Israel,Male,,,
15/09/2025 17:40:11,TensorFlow,"Causal Inference, Image / Computer Vision, LLMs",Intelligence Video Analytics ,Less than a year,Google Cloud Platform,"Gaps in tooling and support for model productionisation, Access to relevant data for training, Machine learning security",,,,,Custom Built In-house tool,Triton inference server,,Deltalake,OpenAI,Aerospace & defense,10-50 employees,2-5,2-5,A Developer Productivity Team which also covers machine learning,Between 10% and 30%,"CI/CD for continuous deployment, Development-Staging-Production Environments",Machine Learning Engineer,Individual Contributor (Junior to Senior),35-39,Rwanda ,Male,,,
21/09/2025 12:27:43,Sklearn,"LLMs, Recommender Systems, Search, Tabular, Text / NLP (Non-LLM), Time Series / Forecasting","Demand Forecasting, Search, Recommender systems",Less than 3 months,Azure,Access to relevant data for training,MLFlow,,Pinecone,,Azure ML Studio,FastAPI/Flask Wrapper,Evidently AI,Snowflake,Azure AI,Energy,"5,000-50,000 employees",21-100,5-9,Central Machine Learning Platform / Team,Between 50% and 90%,CI/CD for continuous deployment,Machine Learning Engineer,Individual Contributor (Staff+),40-44,Danmark,Male,,,
21/09/2025 15:12:10,Sklearn,"Causal Inference, LLMs",Risk,Less than 3 months,Azure,"Lack of specialised data scientists, Showcasing business impact and business value",MLFlow,Custom Built In-house tool,Azure AI,Airflow,Databricks,Databricks,Evidently AI,Azure DataLake,OpenAI,Financial services,"5,000-50,000 employees",2-5,2-5,"Central Machine Learning Platform / Team, Data Platform / Data Engineering Organisation, AI Risk & Governance Function",More than 90%,"Progressive Rollouts, CI/CD for continuous deployment, Development-Staging-Production Environments",MLOps Engineer,Individual Contributor (Junior to Senior),25-29,germany,Male,,,
22/09/2025 08:59:46,Sklearn,"LLMs, Time Series / Forecasting","Pricing, Information Extraction",Less than 6 months,Azure,"Showcasing business impact and business value, Building production-grade machine learning and data pipelines, Machine learning monitoring and observability",MLFlow,,Milvus,Airflow,Azure ML Studio,FastAPI/Flask Wrapper,Neptune AI,Deltalake,OpenAI,Healthcare,"50,000+ employees",10-20,10-20,"Central Machine Learning Platform / Team, AI Inventory (Keeping track of all AI usecases and models)",Less than 10%,"A/B Tests for Models, CI/CD for continuous deployment, Development-Staging-Production Environments",Machine Learning Engineer,Individual Contributor (Junior to Senior),35-39,germany,Male,,,
23/09/2025 08:44:25,Sklearn,Causal Inference,Demand Forecasting,Less than 3 months,Google Cloud Platform,"Inconsistency of training and experimentation environments, Gaps in tooling and support for model productionisation, Building production-grade machine learning and data pipelines",MLFlow,FEAST,Pinecone,Airflow,Azure ML Studio,BentoML,Evidently AI,Deltalake,Azure AI,Hospitality,50-250 employees,10-20,5-9,A Developer Productivity Team which also covers machine learning,Less than 10%,"Canary Deployments, A/B Tests for Models, Progressive Rollouts, CI/CD for continuous deployment, Development-Staging-Production Environments",Machine Learning Engineer,Director/VP,45-49,India ,Male,,,
28/09/2025 14:09:59,,Causal Inference,Search,,Amazon Web Services,Inconsistency of training and experimentation environments,,,,,,,,,,,"250-1,000 employees",,,,,,,,,,,,,
28/09/2025 14:26:15,PyTorch/Lightning/Fast.ai,"Causal Inference, Image / Computer Vision, LLMs, Recommender Systems, Search, Tabular, Text / NLP (Non-LLM), Time Series / Forecasting","Demand Forecasting, Marketing Intelligence, Search, Recommender systems, Fraud, Risk, Pricing, ",Less than a week,Google Cloud Platform,"Inconsistency of training and experimentation environments, Gaps in tooling and support for model productionisation, Governance and domain risks",,Custom Built In-house tool,Pinecone,Custom Built In-house tool,,KServe,,Snowflake,Google Gemini,Transportation & warehousing,,10-20,10-20,"A Developer Productivity Team which also covers machine learning, Central Machine Learning Platform / Team, Data Platform / Data Engineering Organisation, AI Risk & Governance Function, AI Inventory (Keeping track of all AI usecases and models)",Between 50% and 90%,"Canary Deployments, A/B Tests for Models, Progressive Rollouts, CI/CD for continuous deployment, Development-Staging-Production Environments",Business / Domain Practitioner,C-Suite,40-44,South Africa ,Male,Kasnadistributors ,,
28/09/2025 14:38:13,Sklearn,"Causal Inference, Image / Computer Vision, LLMs, Recommender Systems, Search, Tabular, Text / NLP (Non-LLM), Time Series / Forecasting","Demand Forecasting, Marketing Intelligence, Search, Recommender systems, Fraud, Risk, Pricing",Less than a week,Google Cloud Platform,"Inconsistency of training and experimentation environments, Gaps in tooling and support for model productionisation, Building production-grade machine learning and data pipelines",MLFlow,,Pinecone,Custom Built In-house tool,Custom Built In-house tool,KServe,Evidently AI,Azure DataLake,OpenAI,Utilities,"250-1,000 employees",10-20,21-100,"A Developer Productivity Team which also covers machine learning, Central Machine Learning Platform / Team, Data Platform / Data Engineering Organisation, AI Risk & Governance Function, AI Inventory (Keeping track of all AI usecases and models)",Between 50% and 90%,"Canary Deployments, A/B Tests for Models, Progressive Rollouts, CI/CD for continuous deployment, Development-Staging-Production Environments",MLOps Engineer,Director/VP,40-44,South Africa ,Male,Kasnadistributors ,,
28/09/2025 15:40:42,Lightgbm,"Image / Computer Vision, Tabular, Time Series / Forecasting",AI Products,Less than 6 months,Google Cloud Platform,"Inconsistency of training and experimentation environments, Gaps in tooling and support for model productionisation, Access to relevant data for training",MLFlow,,,Airflow,Google Cloud Vertex AI,FastAPI/Flask Wrapper,Evidently AI,GCP / BigLake,,Utilities,"5,000-50,000 employees",10-20,10-20,Central Machine Learning Platform / Team,Less than 10%,Development-Staging-Production Environments,Machine Learning Engineer,Individual Contributor (Junior to Senior),25-29,,Male,,,
29/09/2025 01:43:03,PyTorch/Lightning/Fast.ai,Tabular,Fraud,Less than 3 months,Amazon Web Services,Access to relevant data for training,MLFlow,Custom Implementation,,Temporal,Custom,Custom Built In-house tool,Custom Built In-house tool,AWS / Lakeformation,OpenAI,Technology,10-50 employees,2-5,2-5,A Developer Productivity Team which also covers machine learning,More than 90%,A/B Tests for Models,Machine Learning Engineer,Director/VP,40-44,Australia,Male,,,
29/09/2025 03:46:51,Sklearn,"LLMs, Tabular, Time Series / Forecasting",Demand Forecasting,Less than a week,Google Cloud Platform,"Lack of specialised data scientists, Machine learning security, Governance and domain risks",MLFlow,,Pinecone,Dagster,,AWS Lambda,,,OpenAI,Consultancy,50-250 employees,2-5,0,AI Risk & Governance Function,Less than 10%,"CI/CD for continuous deployment, Development-Staging-Production Environments",Machine Learning Engineer,Individual Contributor (Junior to Senior),30-34,,,,,
01/10/2025 09:23:18,Sklearn,"Causal Inference, LLMs, Recommender Systems, Search, Tabular, Text / NLP (Non-LLM)",Chatbot,Less than 3 months,Azure,"Inconsistency of training and experimentation environments, Gaps in tooling and support for model productionisation, Access to relevant data for training",Spreadsheets,,Pinecone,Amazon Glue,Amazon SageMaker,FastAPI/Flask Wrapper,,,OpenAI,Financial services,10-50 employees,2-5,2-5,A Developer Productivity Team which also covers machine learning,Between 10% and 30%,,Software Engineer,Individual Contributor (Staff+),22-24,india,Male,,,
05/10/2025 20:51:51,PyTorch/Lightning/Fast.ai,"Image / Computer Vision, LLMs, Tabular, Text / NLP (Non-LLM)","Search, Fraud, Risk, Patterb Matching",Less than 3 months,Azure,Governance and domain risks,MLFlow,FEAST,Azure AI,Airflow,Azure ML Studio,Custom Built In-house tool,Custom Built In-house tool,Snowflake,Azure AI,Financial services,"50,000+ employees",100-1000,100-1000,"A Developer Productivity Team which also covers machine learning, Central Machine Learning Platform / Team",Less than 10%,"A/B Tests for Models, Progressive Rollouts, CI/CD for continuous deployment",Machine Learning Engineer,Manager,30-34,,Male,,,
05/10/2025 21:08:57,,LLMs,"Marketing Intelligence, Recommender systems, Risk",Less than a month,Azure,"Lack of specialised data scientists, Building production-grade machine learning and data pipelines",Data Version Control (DVC),Custom Built In-house tool,,,Azure ML Studio,Databricks,,Azure DataLake,Anthropic,Technology,10-50 employees,2-5,5-9,Data Platform / Data Engineering Organisation,More than 90%,"Canary Deployments, A/B Tests for Models, CI/CD for continuous deployment, Development-Staging-Production Environments",Business / Domain Practitioner,C-Suite,50-54,Usa,Male,,,
07/10/2025 00:15:50,Sklearn,"Recommender Systems, Time Series / Forecasting","Demand Forecasting, Recommender systems",Less than 3 months,Azure,"Showcasing business impact and business value, Machine learning monitoring and observability, Governance and domain risks",MLFlow,,,Databricks,Databricks,Databricks,Custom Built In-house tool,Deltalake,Azure AI,Retail,"50,000+ employees",1000+,21-100,"A Developer Productivity Team which also covers machine learning, Central Machine Learning Platform / Team, Data Platform / Data Engineering Organisation, AI Risk & Governance Function, AI Inventory (Keeping track of all AI usecases and models)",Less than 10%,"Canary Deployments, A/B Tests for Models, Progressive Rollouts, CI/CD for continuous deployment, Development-Staging-Production Environments",MLOps Engineer,Manager,30-34,Netherlands,Female,,,
07/10/2025 01:58:55,XGBoost,"Causal Inference, Recommender Systems, Text / NLP (Non-LLM), Time Series / Forecasting","Demand Forecasting, Recommender systems, Fraud, Risk, Pricing",Less than 3 months,Cloudera,"Inconsistency of training and experimentation environments, Showcasing business impact and business value, Machine learning monitoring and observability",MLFlow,,,Airflow,Cloudera CML,,Evidently AI,Cloudera CDP,,Financial services,"50,000+ employees",21-100,10-20,Central Machine Learning Platform / Team,Less than 10%,A/B Tests for Models,Data Scientist,Director/VP,35-39,India,Male,Union Bank Of India,,
07/10/2025 02:45:48,Sklearn,"Tabular, Text / NLP (Non-LLM)","Demand Forecasting, Recommender systems",Less than 6 months,Azure,"Inconsistency of training and experimentation environments, Access to relevant data for training, Machine learning monitoring and observability",MLFlow,Databricks,Azure AI,Databricks ,Databricks,Databricks,Databricks lakehouse monitoring ,Azure DataLake,Azure AI,Transportation & warehousing,"5,000-50,000 employees",100-1000,21-100,"Central Machine Learning Platform / Team, Data Platform / Data Engineering Organisation, AI Risk & Governance Function",Less than 10%,"CI/CD for continuous deployment, Development-Staging-Production Environments",MLOps Engineer,Individual Contributor (Junior to Senior),25-29,India,Male,,,
07/10/2025 05:16:47,TensorFlow,"Image / Computer Vision, LLMs, Text / NLP (Non-LLM)","Demand Forecasting, Search, Risk",Less than 3 months,Google Cloud Platform,"Access to relevant data for training, Lack of specialised engineers, Machine learning security",Custom Built In-house tool,Custom Built In-house tool,Pinecone,Airflow,Google Cloud Vertex AI,BentoML,Neptune AI,GCP / BigLake,Google Gemini,Technology,"50,000+ employees",,,Central Machine Learning Platform / Team,Between 10% and 30%,"Canary Deployments, CI/CD for continuous deployment",MLOps Engineer,Individual Contributor (Junior to Senior),25-29,INDIA,Male,,,
07/10/2025 09:41:03,Sklearn,"Causal Inference, Recommender Systems, Time Series / Forecasting","Demand Forecasting, Marketing Intelligence, Recommender systems",Less than 3 months,Azure,"Inconsistency of training and experimentation environments, Showcasing business impact and business value, Governance and domain risks",MLFlow,FEAST,,Azure Data Factory,,,,Azure DataLake,,Consulting,Less than 10 employees,5-9,10-20,"A Developer Productivity Team which also covers machine learning, Data Platform / Data Engineering Organisation",Less than 10%,"CI/CD for continuous deployment, Development-Staging-Production Environments",Data Scientist,Individual Contributor (Junior to Senior),40-44,South Africa,Male,,,
07/10/2025 09:53:08,LightGBM,"Causal Inference, Time Series / Forecasting","Demand Forecasting, Pricing",Less than a month,Azure,"Inconsistency of training and experimentation environments, Showcasing business impact and business value, Machine learning monitoring and observability",MLFlow,Databricks,Azure AI,Databricks,Databricks,Databricks,Custom Built In-house tool,Azure DataLake,Azure AI,Retail,"50,000+ employees",21-100,21-100,Data Platform / Data Engineering Organisation,Between 10% and 30%,"Canary Deployments, A/B Tests for Models, CI/CD for continuous deployment, Development-Staging-Production Environments",Machine Learning Engineer,Individual Contributor (Junior to Senior),25-29,Netherlands,Male,Ahold Delahize,,
07/10/2025 10:54:27,,LLMs,Marketing Intelligence,Less than 3 months,Amazon Web Services,"Showcasing business impact and business value, Machine learning monitoring and observability, Governance and domain risks",Spreadsheets,,,Airflow,Amazon SageMaker,Sagemaker,Custom Built In-house tool,Snowflake,Google Gemini,Technology,"1,000-5,000 employees",21-100,21-100,"A Developer Productivity Team which also covers machine learning, Central Machine Learning Platform / Team, Data Platform / Data Engineering Organisation, AI Risk & Governance Function",Less than 10%,"CI/CD for continuous deployment, Development-Staging-Production Environments",Software Engineer,Manager,35-39,N/A,Male,,,
07/10/2025 18:05:35,PyTorch/Lightning/Fast.ai,"LLMs, Search, Text / NLP (Non-LLM)","Search, AI Products",Less than a month,Amazon Web Services,"Lack of specialised engineers, Building production-grade machine learning and data pipelines, Machine learning monitoring and observability",MLFlow,,PGVector,Databricks,Databricks,Databricks,,Deltalake,Amazon Bedrock,Technology,50-250 employees,5-9,10-20,"Central Machine Learning Platform / Team, AI Inventory (Keeping track of all AI usecases and models)",Between 50% and 90%,"CI/CD for continuous deployment, Development-Staging-Production Environments",Machine Learning Engineer,Manager,25-29,Germany,Male,,,
07/10/2025 18:40:44,Sklearn,"LLMs, Recommender Systems, Tabular","Demand Forecasting, Recommender systems, Pricing",Less than 3 months,Google Cloud Platform,"Machine learning monitoring and observability, Governance and domain risks",MLFlow,,,Airflow,,,Evidently AI,Snowflake,Nebius,Technology,50-250 employees,5-9,10-20,Central Machine Learning Platform / Team,Between 10% and 30%,,Machine Learning Engineer,,35-39,UK,Female,,,
07/10/2025 19:12:19,Evidently,"Causal Inference, LLMs, Time Series / Forecasting","Demand Forecasting, Marketing Intelligence",Less than 3 months,Google Cloud Platform,"Inconsistency of training and experimentation environments, Gaps in tooling and support for model productionisation, Lack of specialised data scientists",Evidently,Custom Built In-house tool,Pinecone,Custom Built In-house tool,Evidently,Custom Built In-house tool,Evidently AI,Snowflake,Custom Built In-house tool,Technology,10-50 employees,10-20,21-100,"A Developer Productivity Team which also covers machine learning, Central Machine Learning Platform / Team",Between 10% and 30%,A/B Tests for Models,Machine Learning Engineer,Individual Contributor (Staff+),35-39,United Kingdom,Prefer not to disclose,,,
08/10/2025 06:17:38,Sklearn,"Causal Inference, LLMs, Time Series / Forecasting","Demand Forecasting, Recommender systems",Less than 3 months,Azure,"Lack of specialised engineers, Machine learning monitoring and observability, Machine learning security",MLFlow,,,,Databricks,Databricks,,Azure DataLake,Azure AI,AlcoBev,"50,000+ employees",10-20,21-100,"Central Machine Learning Platform / Team, Data Platform / Data Engineering Organisation",Less than 10%,"A/B Tests for Models, CI/CD for continuous deployment, Development-Staging-Production Environments",Data Scientist,Individual Contributor (Staff+),30-34,South Africa,Male,,,
10/10/2025 20:37:36,PyTorch/Lightning/Fast.ai,"LLMs, Search, Text / NLP (Non-LLM)","Marketing Intelligence, Search",Less than 3 months,Amazon Web Services,Inconsistency of training and experimentation environments,,,,,,,,,,Healthcare,10-50 employees,2-5,2-5,,,,,,,,,,,
12/10/2025 12:19:06,sktime,Time Series / Forecasting,Demand Forecasting,Less than 6 months,Azure,"Gaps in tooling and support for model productionisation, Building production-grade machine learning and data pipelines, Machine learning monitoring and observability",MLFlow,,,Azure Data Factory,Databricks,,Arize AI,Azure DataLake,OpenAI,Food,"50,000+ employees",100-1000,100-1000,,Less than 10%,CI/CD for continuous deployment,Data Scientist,Manager,40-44,Spain,Male,,,
12/10/2025 13:39:08,All,All,Embedded Systems,More than a year,Self Hosting ,Feasibility,MLFlow,,Custom Built In-house tool,Agilab,Agilab,Agilab,Agilab,Agilab,OpenAI,Aerospace & defense,"50,000+ employees",100-1000,100-1000,"A Developer Productivity Team which also covers machine learning, Central Machine Learning Platform / Team, Data Platform / Data Engineering Organisation, AI Risk & Governance Function, AI Inventory (Keeping track of all AI usecases and models)",More than 90%,CI/CD for continuous deployment,Machine Learning Engineer,Individual Contributor (Staff+),55-59,,Male,,,
13/10/2025 09:02:13,PyTorch/Lightning/Fast.ai,"Image / Computer Vision, LLMs, Time Series / Forecasting",Embedded Systems,Less than a year,Azure,Governance and domain risks,MLFlow,,PGVector,Airflow,Azure ML Studio,FastAPI/Flask Wrapper,,Azure DataLake,Anthropic,Industry,10-50 employees,10-20,21-100,,Between 50% and 90%,"CI/CD for continuous deployment, Development-Staging-Production Environments",Data Scientist,Individual Contributor (Junior to Senior),25-29,Austria,Male,,,
15/10/2025 05:05:16,XGBoost,"LLMs, Search, Tabular, Text / NLP (Non-LLM), Time Series / Forecasting","Demand Forecasting, Search, Fraud, Risk",Less than 3 months,Azure,"Inconsistency of training and experimentation environments, Gaps in tooling and support for model productionisation, Access to relevant data for training",MLFlow,Custom Built In-house tool,Databricks,Databricks,Databricks,Databricks,Databricks,Azure DataLake,Custom Built In-house tool,Financial services,"50,000+ employees",21-100,100-1000,Central Machine Learning Platform / Team,Less than 10%,"Canary Deployments, A/B Tests for Models, Progressive Rollouts, CI/CD for continuous deployment, Development-Staging-Production Environments",Data Scientist,Individual Contributor (Junior to Senior),25-29,,Female,,,
15/10/2025 09:42:42,LightGBM,Tabular,"Marketing Intelligence, Fraud, Risk",Less than 6 months,Databricks,"Inconsistency of training and experimentation environments, Building production-grade machine learning and data pipelines, Infrastructure/policies constraints",MLFlow,,,Databricks,Databricks,Databricks,NannyML plus custom library,Databricks on Azure,Azure AI,Utilities,"1,000-5,000 employees",2-5,10-20,Data Platform / Data Engineering Organisation,Less than 10%,"CI/CD for continuous deployment, Development-Staging-Production Environments",Data Scientist,Individual Contributor (Junior to Senior),30-34,Italy,Male,,,
15/10/2025 10:20:47,XGBoost,"Tabular, Time Series / Forecasting","Demand Forecasting, Marketing Intelligence",Less than 3 months,Amazon Web Services,"Lack of specialised engineers, Building production-grade machine learning and data pipelines, Machine learning monitoring and observability",MLFlow,,,Airflow,Amazon SageMaker,Sagemaker,,AWS / Lakeformation,,Media & Entertainment,"250-1,000 employees",100-1000,100-1000,Data Platform / Data Engineering Organisation,Less than 10%,"CI/CD for continuous deployment, Development-Staging-Production Environments",MLOps Engineer,Individual Contributor (Junior to Senior),60+,Poland,Male,,,
15/10/2025 10:37:39,PyTorch/Lightning/Fast.ai,LLMs,Safety Testing,Less than a week,Google Cloud Platform,Machine learning security,Custom Built In-house tool,,Custom Built In-house tool,Custom Built In-house tool,Google Cloud Vertex AI,FastAPI/Flask Wrapper,Custom Built In-house tool,,Google Gemini,Telecommunications,Less than 10 employees,2-5,5-9,"Data Platform / Data Engineering Organisation, AI Risk & Governance Function",Between 50% and 90%,CI/CD for continuous deployment,Data Engineer,C-Suite,40-44,United States,Male,,,
15/10/2025 13:38:19,Catboost,"Image / Computer Vision, LLMs, Recommender Systems, Text / NLP (Non-LLM), Time Series / Forecasting","Demand Forecasting, Marketing Intelligence, Recommender systems",Less than 3 months,Google Cloud Platform,"Gaps in tooling and support for model productionisation, Building production-grade machine learning and data pipelines, Machine learning security",Data Version Control (DVC),Hopsworks,Weaviate,Airflow,Azure ML Studio,Databricks,Evidently AI,Azure DataLake,Azure AI,Healthcare,"250-1,000 employees",2-5,2-5,"Central Machine Learning Platform / Team, AI Risk & Governance Function",Between 10% and 30%,"Canary Deployments, A/B Tests for Models, Progressive Rollouts, CI/CD for continuous deployment, Development-Staging-Production Environments",Machine Learning Engineer,Individual Contributor (Staff+),22-24,Indian ,Female,Nil ,,
17/10/2025 19:52:04,Sklearn,"LLMs, Recommender Systems, Tabular","Recommender systems, Predictive ML",Less than a month,Amazon Web Services,"Inconsistency of training and experimentation environments, Access to relevant data for training, Showcasing business impact and business value",MLFlow,,Pinecone,,,FastAPI/Flask Wrapper,,,Amazon Bedrock,IT and Software Consultation,50-250 employees,2-5,2-5,Central Machine Learning Platform / Team,More than 90%,"CI/CD for continuous deployment, Development-Staging-Production Environments",Machine Learning Engineer,Individual Contributor (Junior to Senior),25-29,Pakistan,Male,Virtual Force,,
17/10/2025 20:43:10,XGBoost,"Recommender Systems, Tabular, Time Series / Forecasting","Demand Forecasting, Recommender systems, Fraud",Less than a week,Self Hosting ,"Access to relevant data for training, Lack of specialised engineers, Showcasing business impact and business value",Hopsworks Model Registry,Hopsworks,Hopsworks,Airflow,Hopsworks,KServe,Hopsworks,Dremio,DeepSeek V3,Telecommunications,"5,000-50,000 employees",100-1000,1000+,"Central Machine Learning Platform / Team, Data Platform / Data Engineering Organisation, AI Risk & Governance Function",Less than 10%,"Canary Deployments, A/B Tests for Models, CI/CD for continuous deployment, Development-Staging-Production Environments",Machine Learning Engineer,Individual Contributor (Junior to Senior),30-34,Sweden,Male,,,
17/10/2025 20:47:32,PyTorch/Lightning/Fast.ai,"Image / Computer Vision, LLMs, Text / NLP (Non-LLM)",Information Extraction,Less than 6 months,IBM,"Lack of specialised engineers, Machine learning monitoring and observability, Legacy SDLC constraints",Data Version Control (DVC),Custom Built In-house tool,,Custom Built In-house tool,Domino Datalab,Django,Custom Built In-house tool,,Custom Built In-house tool,Financial services,"5,000-50,000 employees",100-1000,100-1000,AI Risk & Governance Function,More than 90%,"CI/CD for continuous deployment, Development-Staging-Production Environments",MLOps Engineer,Individual Contributor (Staff+),30-34,Belgium,Male,BNP Paribas,,
17/10/2025 21:58:09,XGBoost,"Recommender Systems, Tabular, Time Series / Forecasting","Fraud, Security",Less than a week,Amazon Web Services,"Access to relevant data for training, Building production-grade machine learning and data pipelines",Weights & Biases,Custom Built In-house tool,Custom Built In-house tool,Databricks,Databricks,FastAPI/Flask Wrapper,Neptune AI,Deltalake,OpenAI,Technology,"1,000-5,000 employees",10-20,10-20,"A Developer Productivity Team which also covers machine learning, Central Machine Learning Platform / Team, Data Platform / Data Engineering Organisation",More than 90%,"Canary Deployments, A/B Tests for Models, CI/CD for continuous deployment",Data Scientist,Manager,35-39,Israel,Male,,,
17/10/2025 22:04:26,PerpetualBooster,"Causal Inference, Recommender Systems, Tabular, Time Series / Forecasting","Demand Forecasting, Recommender systems, Fraud",Less than 3 months,Snowflake,"Building production-grade machine learning and data pipelines, Machine learning monitoring and observability, Machine learning security",Snowflake,Snowflake,Quadrnt,Airflow,Perpetual ML Suite,FastAPI/Flask Wrapper,Perpetual,Perpetual ML Suite,Google Gemini,Financial services,10-50 employees,2-5,5-9,Central Machine Learning Platform / Team,Between 10% and 30%,"Canary Deployments, Development-Staging-Production Environments",Machine Learning Engineer,C-Suite,35-39,Trkiye,Male,Perpetual ML,,
17/10/2025 22:58:25,XGBoost,"LLMs, Time Series / Forecasting",Demand Forecasting,Less than 3 months,Azure,Access to relevant data for training,MLFlow,,Chroma,Databricks,Databricks,FastAPI/Flask Wrapper,,Azure DataLake,Databricks,Retail,"1,000-5,000 employees",5-9,10-20,Data Platform / Data Engineering Organisation,Less than 10%,,Data Scientist,Individual Contributor (Junior to Senior),35-39,Italy,Male,,,
18/10/2025 08:43:47,PyTorch/Lightning/Fast.ai,"Image / Computer Vision, LLMs, Recommender Systems, Search, Text / NLP (Non-LLM)","Search, Recommender systems, Risk, Classification",Less than 3 months,Google Cloud Platform,"Access to relevant data for training, Building production-grade machine learning and data pipelines, Machine learning monitoring and observability",MLFlow,,Elastic,Custom Built In-house tool,Google Cloud Vertex AI,FastAPI/Flask Wrapper,Custom Built In-house tool,,Google Gemini,Technology,10-50 employees,10-20,10-20,,More than 90%,"CI/CD for continuous deployment, Development-Staging-Production Environments",Data Scientist,C-Suite,,,,,,
18/10/2025 15:44:03,PyTorch/Lightning/Fast.ai,"Causal Inference, LLMs, Time Series / Forecasting","Demand Forecasting, Recommender systems, Pricing",Less than a month,Google Cloud Platform,"Showcasing business impact and business value, Machine learning monitoring and observability, Governance and domain risks",MLFlow,,Custom Built In-house tool,Airflow,Google Cloud Vertex AI,FastAPI/Flask Wrapper,Evidently AI,GCP / BigLake,OpenAI,Technology,"5,000-50,000 employees",21-100,10-20,"A Developer Productivity Team which also covers machine learning, Central Machine Learning Platform / Team, Data Platform / Data Engineering Organisation",Less than 10%,"A/B Tests for Models, CI/CD for continuous deployment, Development-Staging-Production Environments",Machine Learning Engineer,Individual Contributor (Junior to Senior),25-29,Chile ,Male,,,
18/10/2025 23:46:23,Sklearn,"Causal Inference, Tabular, Time Series / Forecasting",Risk,Less than 3 months,Amazon Web Services,"Access to relevant data for training, Lack of specialised engineers, Building production-grade machine learning and data pipelines",MLFlow,Custom Built In-house tool,,,,,,,,Transportation & warehousing,10-50 employees,1,2-5,,,,Data Scientist,Individual Contributor (Junior to Senior),35-39,USA,Female,,,
19/10/2025 17:03:14,Sklearn,"Causal Inference, Image / Computer Vision, Recommender Systems",AI Products,Less than 3 months,Google Cloud Platform,"Access to relevant data for training, Building production-grade machine learning and data pipelines",,,,,,,,,,Technology,Less than 10 employees,0,2-5,Central Machine Learning Platform / Team,Less than 10%,,Machine Learning Engineer,Individual Contributor (Junior to Senior),18-21,India,Male,Jiet college ,,
19/10/2025 17:07:34,Sklearn,"LLMs, Tabular, Text / NLP (Non-LLM), Time Series / Forecasting","Demand Forecasting, Marketing Intelligence, Search, Recommender systems, Pricing",Less than 3 months,Azure,"Access to relevant data for training, Lack of specialised engineers, Building production-grade machine learning and data pipelines",MLFlow,Custom Built In-house tool,Milvus,Custom Built In-house tool,Azure ML Studio,FastAPI/Flask Wrapper,Evidently AI,Snowflake,Custom Built In-house tool,Energy,"1,000-5,000 employees",21-100,10-20,,Between 10% and 30%,CI/CD for continuous deployment,Machine Learning Engineer,Individual Contributor (Staff+),40-44,Denmark,Male,,,
19/10/2025 17:09:46,PyTorch/Lightning/Fast.ai,"Recommender Systems, Tabular",Recommender systems,Less than 3 months,Google Cloud Platform,"Inconsistency of training and experimentation environments, Access to relevant data for training",Custom Built In-house tool,Custom Built In-house tool,,GCP Vertex AI pipelines,Google Cloud Vertex AI,Nvidia triton,Custom Built In-house tool,Custom Built In-house tool,,"Adtech, gaming","1,000-5,000 employees",100-1000,100-1000,"Central Machine Learning Platform / Team, Data Platform / Data Engineering Organisation",Between 50% and 90%,"Canary Deployments, A/B Tests for Models, Progressive Rollouts, CI/CD for continuous deployment, Development-Staging-Production Environments",Data Scientist,Individual Contributor (Junior to Senior),35-39,Finland,Male,,,
19/10/2025 17:26:35,PyTorch/Lightning/Fast.ai,"Image / Computer Vision, LLMs, Text / NLP (Non-LLM)",Translation,Less than 6 months,Amazon Web Services,Building production-grade machine learning and data pipelines,MLFlow,Custom Built In-house tool,,Custom Built In-house tool,Custom Built In-house tool,FastAPI/Flask Wrapper,,Custom Built In-house tool,,Telecommunications,"5,000-50,000 employees",2-5,5-9,"Central Machine Learning Platform / Team, Data Platform / Data Engineering Organisation, AI Risk & Governance Function",Less than 10%,Development-Staging-Production Environments,MLOps Engineer,Individual Contributor (Junior to Senior),35-39,Brazil,Male,,,
19/10/2025 21:40:21,PyTorch/Lightning/Fast.ai,"LLMs, Search, Time Series / Forecasting","Demand Forecasting, Marketing Intelligence, Search, Recommender systems, Pricing",Less than 3 months,Azure,"Access to relevant data for training, Lack of specialised engineers, Governance and domain risks",MLFlow,Custom Built In-house tool,Custom Built In-house tool,Airflow,Azure ML Studio,FastAPI/Flask Wrapper,Custom Built In-house tool,AWS / Lakeformation,Azure AI,Food,"5,000-50,000 employees",100-1000,100-1000,"Central Machine Learning Platform / Team, Data Platform / Data Engineering Organisation, AI Risk & Governance Function",Between 10% and 30%,CI/CD for continuous deployment,Data Scientist,C-Suite,40-44,Spain,Male,,,
20/10/2025 00:15:40,PyTorch/Lightning/Fast.ai,"Causal Inference, Image / Computer Vision, Text / NLP (Non-LLM), Time Series / Forecasting","Demand Forecasting, Marketing Intelligence, Recommender systems",Less than 6 months,Self Hosting ,"Gaps in tooling and support for model productionisation, Lack of specialised engineers, Showcasing business impact and business value",Custom Built In-house tool,Custom Built In-house tool,Custom Built In-house tool,Custom Built In-house tool,Custom Built In-house tool,Custom Built In-house tool,Custom Built In-house tool,Custom Built In-house tool,Custom Built In-house tool,Edu,"250-1,000 employees",10-20,21-100,"Central Machine Learning Platform / Team, Data Platform / Data Engineering Organisation",Less than 10%,"Progressive Rollouts, Development-Staging-Production Environments",MLOps Engineer,Individual Contributor (Staff+),50-54,Australia,Male,,,
20/10/2025 01:34:25,Sklearn,Tabular,"Fraud, Risk, Pricing",Less than a week,Amazon Web Services,"Inconsistency of training and experimentation environments, Access to relevant data for training, Building production-grade machine learning and data pipelines",MLFlow,Custom Built In-house tool,,Databricks,Metaflow,FastAPI/Flask Wrapper,Custom Built In-house tool,Deltalake,Amazon Bedrock,Financial services,"1,000-5,000 employees",21-100,21-100,"A Developer Productivity Team which also covers machine learning, Central Machine Learning Platform / Team, Data Platform / Data Engineering Organisation, AI Risk & Governance Function",Between 50% and 90%,"Canary Deployments, A/B Tests for Models, Progressive Rollouts, CI/CD for continuous deployment, Development-Staging-Production Environments",MLOps Engineer,Individual Contributor (Staff+),30-34,USA,Male,,,
20/10/2025 13:38:58,TensorFlow,"LLMs, Text / NLP (Non-LLM), Time Series / Forecasting","Demand Forecasting, Search",Less than a year,Amazon Web Services,,,,,,,,,,,,,,,,,,,,,,,,,
20/10/2025 21:57:56,XGBoost,"Recommender Systems, Search, Time Series / Forecasting","Demand Forecasting, Search, Recommender systems, time estimation",Less than a week,Google Cloud Platform,Machine learning monitoring and observability,MLFlow,FEAST,Pinecone,Airflow,Google Cloud Vertex AI,KServe,Evidently AI,Custom Built In-house tool,OpenAI,Retail,"250-1,000 employees",10-20,21-100,"Central Machine Learning Platform / Team, Data Platform / Data Engineering Organisation",Between 50% and 90%,"Canary Deployments, A/B Tests for Models, Progressive Rollouts, CI/CD for continuous deployment, Development-Staging-Production Environments",Data Scientist,Director/VP,50-54,Germany,Female,,,
22/10/2025 12:53:51,PyTorch/Lightning/Fast.ai,"Causal Inference, LLMs, Recommender Systems, Search","Search, Recommender systems, Fraud, Risk",Less than a year,Azure,"Gaps in tooling and support for model productionisation, Access to relevant data for training, Lack of specialised data scientists",MLFlow,,Azure AI,Airflow,Databricks,Databricks,,Deltalake,OpenAI,Financial services,"5,000-50,000 employees",21-100,100-1000,"Central Machine Learning Platform / Team, Data Platform / Data Engineering Organisation, AI Risk & Governance Function, AI Inventory (Keeping track of all AI usecases and models)",,,Business / Domain Practitioner,Manager,40-44,Netherlands,Male,,,
22/10/2025 15:01:44,Catboost,"Recommender Systems, Search, Tabular, Time Series / Forecasting","Demand Forecasting, Search, Recommender systems",Less than a month,Google Cloud Platform,"Inconsistency of training and experimentation environments, Machine learning monitoring and observability",MLFlow,FEAST,,Airflow,Google Cloud Vertex AI,KServe,Evidently AI,GCP / BigLake,Google Gemini,Retail,"1,000-5,000 employees",5-9,10-20,"Central Machine Learning Platform / Team, Data Platform / Data Engineering Organisation",Between 10% and 30%,"Canary Deployments, A/B Tests for Models, CI/CD for continuous deployment, Development-Staging-Production Environments",Data Scientist,Manager,25-29,Germany,Male,,,
26/10/2025 10:20:10,Sklearn,Time Series / Forecasting,Demand Forecasting,Less than 3 months,Azure,"Access to relevant data for training, Showcasing business impact and business value, Machine learning monitoring and observability",Azureml,,,,Azure ML Studio,,,Azure DataLake,,Utilities,"50,000+ employees",5-9,10-20,Central Machine Learning Platform / Team,Less than 10%,Development-Staging-Production Environments,MLOps Engineer,Individual Contributor (Staff+),35-39,,Male,,,
26/10/2025 23:46:41,PyTorch/Lightning/Fast.ai,"LLMs, Recommender Systems","Search, Recommender systems",Less than 3 months,Amazon Web Services,"Access to relevant data for training, Machine learning monitoring and observability, Governance and domain risks",MLFlow,FEAST,Pinecone,Dagster,Amazon SageMaker,BentoML,Evidently AI,Snowflake,OpenAI,Financial services,50-250 employees,10-20,21-100,"A Developer Productivity Team which also covers machine learning, Data Platform / Data Engineering Organisation, AI Risk & Governance Function",,"Canary Deployments, A/B Tests for Models",Data Scientist,Director/VP,45-49,UK,Male,,,
27/10/2025 00:54:48,Sklearn,"Tabular, Time Series / Forecasting","Fraud, Risk",Less than a month,Amazon Web Services,"Inconsistency of training and experimentation environments, Machine learning monitoring and observability",MLFlow,FEAST,Custom Built In-house tool,Argo Workflows,Databricks,FastAPI/Flask Wrapper,Evidently AI,Deltalake,OpenAI,Financial services,10-50 employees,2-5,2-5,Data Platform / Data Engineering Organisation,Between 10% and 30%,CI/CD for continuous deployment,Data Engineer,Individual Contributor (Staff+),30-34,Brazil,Female,,,
27/10/2025 06:08:11,TensorFlow,LLMs,AI Products,Less than a month,,"Access to relevant data for training, Lack of specialised data scientists",Weights & Biases,,,,,,,,,Insurance,Less than 10 employees,2-5,5-9,A Developer Productivity Team which also covers machine learning,,,Data Engineer,Manager,55-59,Lebanon,Male,,,
27/10/2025 08:25:27,PyTorch/Lightning/Fast.ai,"Image / Computer Vision, Recommender Systems, Search","Search, Recommender systems",Less than a week,Self Hosting ,Lack of specialised data scientists,Custom Built In-house tool,Custom Built In-house tool,Vespa,,,,Custom Built In-house tool,Snowflake,OpenAI,Technology,"1,000-5,000 employees",10-20,21-100,"Central Machine Learning Platform / Team, Data Platform / Data Engineering Organisation",Between 50% and 90%,"Canary Deployments, A/B Tests for Models",Data Scientist,Individual Contributor (Staff+),30-34,,Male,,,
27/10/2025 11:11:28,Sklearn,"LLMs, Tabular, Time Series / Forecasting","Demand Forecasting, Marketing Intelligence, Risk",Less than a month,Azure,"Inconsistency of training and experimentation environments, Building production-grade machine learning and data pipelines, Machine learning monitoring and observability",MLFlow,,,,Azure ML Studio,FastAPI/Flask Wrapper,,,Azure AI,Technology,"1,000-5,000 employees",21-100,21-100,"Central Machine Learning Platform / Team, Data Platform / Data Engineering Organisation, AI Risk & Governance Function",Between 10% and 30%,"CI/CD for continuous deployment, Development-Staging-Production Environments",Machine Learning Engineer,Individual Contributor (Junior to Senior),30-34,Spain,Male,,,
02/11/2025 19:46:33,Sklearn,"Recommender Systems, Tabular, Time Series / Forecasting","Demand Forecasting, Marketing Intelligence, Recommender systems",Less than 6 months,Amazon Web Services,"Lack of specialised engineers, Building production-grade machine learning and data pipelines, Machine learning monitoring and observability",MLFlow,FEAST,,Airflow,Amazon SageMaker,,,Snowflake,Google Gemini,Food,"250-1,000 employees",10-20,10-20,Data Platform / Data Engineering Organisation,Less than 10%,Development-Staging-Production Environments,Machine Learning Engineer,Individual Contributor (Junior to Senior),35-39,Germany,Male,,,
02/11/2025 20:17:43,PyTorch/Lightning/Fast.ai,Image / Computer Vision,Embbeded systems,Less than 3 months,Google Cloud Platform,"Inconsistency of training and experimentation environments, Gaps in tooling and support for model productionisation, Access to relevant data for training",Weights & Biases,,,,,FastAPI/Flask Wrapper,,,OpenAI,Transportation & warehousing,"5,000-50,000 employees",2-5,2-5,A Developer Productivity Team which also covers machine learning,Less than 10%,A/B Tests for Models,Business / Domain Practitioner,Individual Contributor (Staff+),35-39,Romania,Male,Forvia,,
02/11/2025 23:37:26,XGBoost,Tabular,"Risk, Pricing",Less than 6 months,Azure,"Inconsistency of training and experimentation environments, Showcasing business impact and business value, Machine learning monitoring and observability",,,,,Databricks,,Evidently AI,,OpenAI,Insurance,"1,000-5,000 employees",21-100,21-100,"A Developer Productivity Team which also covers machine learning, Data Platform / Data Engineering Organisation",Between 10% and 30%,,Data Scientist,Individual Contributor (Junior to Senior),,,Female,,,
03/11/2025 11:56:20,PyTorch/Lightning/Fast.ai,"Tabular, Time Series / Forecasting","Demand Forecasting, Pricing",Less than a month,Google Cloud Platform,"Inconsistency of training and experimentation environments, Access to relevant data for training, Lack of specialised data scientists",,,,,Google Cloud Vertex AI,,Custom Built In-house tool,GCP / BigLake,,Retail,,,,,,,Machine Learning Engineer,Individual Contributor (Junior to Senior),,,,,,
05/11/2025 08:00:27,Sklearn,"LLMs, Time Series / Forecasting",Demand Forecasting,,Amazon Web Services,"Lack of specialised data scientists, Showcasing business impact and business value",,,Elasticsearch,Airflow,Amazon SageMaker,,,AWS / Lakeformation,Amazon Bedrock,Telecommunications,"250-1,000 employees",2-5,2-5,"A Developer Productivity Team which also covers machine learning, Data Platform / Data Engineering Organisation",Less than 10%,,Product Manager,Manager,35-39,Espaa,Male,,,
05/11/2025 09:45:31,PyTorch/Lightning/Fast.ai,"Causal Inference, Image / Computer Vision, Recommender Systems, Search, Text / NLP (Non-LLM), Time Series / Forecasting","Demand Forecasting, Marketing Intelligence, Search, Recommender systems, Fraud, Pricing",Less than a month,Amazon Web Services,"Machine learning monitoring and observability, Machine learning security, Governance and domain risks",MLFlow,Custom Built In-house tool,Custom Built In-house tool,Databricks,Databricks,FastAPI/Flask Wrapper,Custom Built In-house tool,Databricks,All of the above,Technology,Less than 10 employees,"Varies, we consult",10-20,"A Developer Productivity Team which also covers machine learning, Central Machine Learning Platform / Team, AI Inventory (Keeping track of all AI usecases and models)",Between 50% and 90%,"A/B Tests for Models, Progressive Rollouts, CI/CD for continuous deployment",Data Scientist,C-Suite,40-44,Netherlands,Male,Dtyped,,
05/11/2025 10:11:09,PyTorch/Lightning/Fast.ai,"Image / Computer Vision, LLMs, Time Series / Forecasting","Demand Forecasting, Risk, Pricing",Less than a month,Amazon Web Services,"Gaps in tooling and support for model productionisation, Showcasing business impact and business value, Machine learning monitoring and observability",Optuna,Custom Built In-house tool,OpenSearch,Custom Built In-house tool,Custom Built In-house tool,,,Custom Built In-house tool,Amazon Bedrock,Hospitality,"1,000-5,000 employees",5-9,10-20,"Data Platform / Data Engineering Organisation, AI Risk & Governance Function, AI Inventory (Keeping track of all AI usecases and models)",Between 10% and 30%,"A/B Tests for Models, Progressive Rollouts, CI/CD for continuous deployment",Data Scientist,Director/VP,40-44,,Male,,,
05/11/2025 13:33:25,Sklearn,"Image / Computer Vision, LLMs, Tabular, Time Series / Forecasting, Classification",AI Products,Less than 3 months,Amazon Web Services,"Gaps in tooling and support for model productionisation, Lack of specialised engineers, Building production-grade machine learning and data pipelines",MLFlow,,,Argo Workflows,Amazon SageMaker,FastAPI/Flask Wrapper,Custom Built In-house tool,Snowflake,Amazon Bedrock,Financial services,"1,000-5,000 employees",10-20,21-100,Data Platform / Data Engineering Organisation,Between 50% and 90%,"Canary Deployments, A/B Tests for Models, Progressive Rollouts, CI/CD for continuous deployment, Development-Staging-Production Environments",Machine Learning Engineer,Individual Contributor (Junior to Senior),25-29,France,Male,,,
05/11/2025 15:06:47,Sklearn,Time Series / Forecasting,"Demand Forecasting, Pricing",Less than a week,Amazon Web Services,"Access to relevant data for training, Governance and domain risks",Custom Built In-house tool,,,Airflow,Amazon SageMaker,Sagemaker,Custom Built In-house tool,Custom Built In-house tool,Anthropic,Retail,Less than 10 employees,2-5,21-100,"A Developer Productivity Team which also covers machine learning, Central Machine Learning Platform / Team",Less than 10%,"CI/CD for continuous deployment, Development-Staging-Production Environments",Data Scientist,Manager,40-44,Germany,Male,,,
06/11/2025 10:24:05,TensorFlow,"Image / Computer Vision, LLMs, Time Series / Forecasting","Demand Forecasting, Marketing Intelligence, Recommender systems, Pricing",Less than 3 months,Azure,"Access to relevant data for training, Building production-grade machine learning and data pipelines, Machine learning monitoring and observability",Data Version Control (DVC),,Pinecone,Airflow,Azure ML Studio,Databricks,Custom Built In-house tool,Azure DataLake,,Technology,10-50 employees,10-20,10-20,"Central Machine Learning Platform / Team, Data Platform / Data Engineering Organisation",Less than 10%,"A/B Tests for Models, CI/CD for continuous deployment",Business / Domain Practitioner,Director/VP,40-44,Spain,Male,A17,,
07/11/2025 17:21:04,Catboost,"Recommender Systems, Time Series / Forecasting","Demand Forecasting, Recommender systems, Pricing",More than a year,Google Cloud Platform,"Gaps in tooling and support for model productionisation, Building production-grade machine learning and data pipelines, Machine learning monitoring and observability",MLFlow,FEAST,Weaviate,Airflow,Google Cloud Vertex AI,Triton,Evidently AI,Snowflake,Azure AI,Technology,"1,000-5,000 employees",10-20,2-5,"A Developer Productivity Team which also covers machine learning, Data Platform / Data Engineering Organisation",Between 10% and 30%,"A/B Tests for Models, CI/CD for continuous deployment",MLOps Engineer,Individual Contributor (Junior to Senior),30-34,Ukraine,Male,Autodoc,,
09/11/2025 09:38:43,Sklearn,"Causal Inference, LLMs, Tabular, Text / NLP (Non-LLM), Time Series / Forecasting","Risk, Pricing, Automation",More than a year,Azure,"Access to relevant data for training, Lack of specialised engineers, Building production-grade machine learning and data pipelines",MLFlow,,,Databricks,Databricks,Databricks,,Deltalake,,Consultant,50-250 employees,10-20,21-100,Central Machine Learning Platform / Team,Between 50% and 90%,"Canary Deployments, A/B Tests for Models, Progressive Rollouts, CI/CD for continuous deployment, Development-Staging-Production Environments",MLOps Engineer,C-Suite,45-49,UK,Male,Marionete,,
09/11/2025 13:35:06,Sklearn,"Causal Inference, LLMs, Tabular, Time Series / Forecasting","Demand Forecasting, Marketing Intelligence, Fraud, Risk, Pricing",Less than 3 months,Amazon Web Services,"Machine learning monitoring and observability, Machine learning security, Governance and domain risks",MLFlow,FEAST,PG-Vector,Airflow,Custom Built In-house tool,Custom Built In-house tool,Custom Built In-house tool,Custom Built In-house tool,Amazon Bedrock,Financial services,"1,000-5,000 employees",21-100,10-20,"AI Risk & Governance Function, AI Inventory (Keeping track of all AI usecases and models)",More than 90%,"Canary Deployments, A/B Tests for Models, Progressive Rollouts, CI/CD for continuous deployment, Development-Staging-Production Environments",Machine Learning Engineer,Manager,50-54,Brazil,Male,,,
09/11/2025 18:03:19,Catboost,"Causal Inference, LLMs, Tabular, Text / NLP (Non-LLM)","Fraud, Risk, Pricing",Less than a year,Azure,"Lack of specialised engineers, Lack of specialised data scientists, Building production-grade machine learning and data pipelines",Custom Built In-house tool,,,,,,,,,,,,,,,,,,,,,,,
09/11/2025 19:24:00,PyTorch/Lightning/Fast.ai,"Causal Inference, Image / Computer Vision, LLMs, Recommender Systems, Search, Text / NLP (Non-LLM)","Search, Recommender systems, Pricing",Less than 3 months,Azure,"Inconsistency of training and experimentation environments, Gaps in tooling and support for model productionisation, Machine learning monitoring and observability",MLFlow,Custom Built In-house tool,,Airflow,Custom Built In-house tool,Custom Built In-house tool,Custom Built In-house tool,Custom Built In-house tool,Azure AI,Retail,"50,000+ employees",100-1000,100-1000,"Central Machine Learning Platform / Team, Data Platform / Data Engineering Organisation, AI Inventory (Keeping track of all AI usecases and models)",Less than 10%,"A/B Tests for Models, Development-Staging-Production Environments",Machine Learning Engineer,Manager,50-54,UK,Male,,,
09/11/2025 19:54:34,PyTorch/Lightning/Fast.ai,Image / Computer Vision,Embbeded systems,Less than a month,Google Cloud Platform,"Inconsistency of training and experimentation environments, Access to relevant data for training",Weights & Biases,,,,,FastAPI/Flask Wrapper,,,Google Gemini,Electronics,Less than 10 employees,2-5,2-5,,Between 50% and 90%,,Machine Learning Engineer,Individual Contributor (Junior to Senior),22-24,INDIA ,Male,OLT INNOVATIONS Private Limited ,,
09/11/2025 21:38:58,PyTorch/Lightning/Fast.ai,"Image / Computer Vision, Tabular, Time Series / Forecasting","Demand Forecasting, Marketing Intelligence, Risk",Less than 3 months,Azure,"Inconsistency of training and experimentation environments, Access to relevant data for training, Lack of specialised engineers",MLFlow,Databricks,,Airflow,Databricks,FastAPI/Flask Wrapper,,Deltalake,OpenAI,Energy,"5,000-50,000 employees",10-20,21-100,"Central Machine Learning Platform / Team, Data Platform / Data Engineering Organisation, AI Risk & Governance Function",Less than 10%,,Machine Learning Engineer,Individual Contributor (Junior to Senior),30-34,Netherlands,Male,Stedin,,
10/11/2025 02:05:52,Sklearn,"LLMs, Tabular, Text / NLP (Non-LLM)","Marketing Intelligence, Fraud, Risk, Pricing",Less than 6 months,Azure,"Gaps in tooling and support for model productionisation, Lack of specialised engineers, Machine learning monitoring and observability",MLFlow,Custom Built In-house tool,,Databricks,Databricks,Databricks,,Snowflake,Azure AI,Financial services,"1,000-5,000 employees",5-9,5-9,"Data Platform / Data Engineering Organisation, AI Risk & Governance Function",Less than 10%,CI/CD for continuous deployment,Data Scientist,Individual Contributor (Staff+),40-44,Norway,Male,,,
10/11/2025 03:05:46,PyTorch/Lightning/Fast.ai,"LLMs, Recommender Systems, Search, Tabular, Time Series / Forecasting","Demand Forecasting, Marketing Intelligence, Search, Recommender systems, Pricing",Less than 3 months,Azure,Governance and domain risks,MLFlow,Custom Built In-house tool,Milvus,Argo Workflows,Databricks,Databricks,Custom Built In-house tool,GCP / BigLake,Azure AI,Retail,"5,000-50,000 employees",21-100,21-100,"A Developer Productivity Team which also covers machine learning, Central Machine Learning Platform / Team, Data Platform / Data Engineering Organisation, AI Risk & Governance Function, AI Inventory (Keeping track of all AI usecases and models)",Between 10% and 30%,"Canary Deployments, Progressive Rollouts, CI/CD for continuous deployment, Development-Staging-Production Environments",Machine Learning Engineer,Individual Contributor (Junior to Senior),30-34,India ,Male,,,
10/11/2025 06:02:45,PyTorch/Lightning/Fast.ai,"Causal Inference, Image / Computer Vision, LLMs, Search, Text / NLP (Non-LLM)",AI Products,Less than 3 months,Google Cloud Platform,"Inconsistency of training and experimentation environments, Building production-grade machine learning and data pipelines, Machine learning security",,,ChromaDB,,Custom Built In-house tool,FastAPI/Flask Wrapper,Tensorboard,,Anthropic,Technology,10-50 employees,5-9,10-20,Central Machine Learning Platform / Team,Less than 10%,CI/CD for continuous deployment,Machine Learning Engineer,Individual Contributor (Junior to Senior),25-29,Pakistan,Male,,,
10/11/2025 10:01:09,Sklearn,"Image / Computer Vision, Tabular, Time Series / Forecasting","Demand Forecasting, electrical net design",Less than a year,Azure,"Gaps in tooling and support for model productionisation, Access to relevant data for training, Showcasing business impact and business value",MLFlow,,,Airflow,Databricks,Databricks,Databricks,Deltalake,,Energy,"5,000-50,000 employees",21-100,21-100,"A Developer Productivity Team which also covers machine learning, Central Machine Learning Platform / Team, Data Platform / Data Engineering Organisation",Less than 10%,"CI/CD for continuous deployment, Development-Staging-Production Environments",Machine Learning Engineer,Individual Contributor (Junior to Senior),25-29,The Netherlands,Male,,,
10/11/2025 11:45:52,Sklearn,"Image / Computer Vision, Tabular, Time Series / Forecasting",Demand Forecasting,Less than 6 months,Azure,"Inconsistency of training and experimentation environments, Machine learning monitoring and observability, Governance and domain risks",MLFlow,Databricks,,Airflow,Databricks,,,Azure DataLake,Azure AI,Energy,"5,000-50,000 employees",21-100,100-1000,Central Machine Learning Platform / Team,Less than 10%,"A/B Tests for Models, CI/CD for continuous deployment, Development-Staging-Production Environments",MLOps Engineer,Individual Contributor (Junior to Senior),25-29,Netherlands,Male,,,
10/11/2025 13:23:13,PyTorch/Lightning/Fast.ai,"Image / Computer Vision, LLMs, Tabular, Text / NLP (Non-LLM)",Data Extraction,Less than a month,Amazon Web Services,"Gaps in tooling and support for model productionisation, Machine learning monitoring and observability",Weights & Biases,,Qdrant,,Amazon SageMaker,FastAPI/Flask Wrapper,,AWS / Lakeformation,Amazon Bedrock,Technology,10-50 employees,10-20,10-20,"A Developer Productivity Team which also covers machine learning, Central Machine Learning Platform / Team",Between 10% and 30%,,Machine Learning Engineer,Individual Contributor (Junior to Senior),25-29,India,Male,,,
10/11/2025 14:21:37,Sklearn,"Image / Computer Vision, Time Series / Forecasting","Demand Forecasting, Fraud, Risk",Less than 3 months,Databricks,"Inconsistency of training and experimentation environments, Access to relevant data for training, Machine learning monitoring and observability",MLFlow,Databricks,Databricks,Airflow,Databricks,FastAPI/Flask Wrapper,Custom Built In-house tool,Deltalake,,Energy,"5,000-50,000 employees",21-100,100-1000,"Central Machine Learning Platform / Team, Data Platform / Data Engineering Organisation, AI Risk & Governance Function, AI Inventory (Keeping track of all AI usecases and models)",Less than 10%,"CI/CD for continuous deployment, Development-Staging-Production Environments",Machine Learning Engineer,Individual Contributor (Junior to Senior),25-29,The Netherlands,Female,,,
10/11/2025 15:07:44,Sklearn,"Causal Inference, LLMs, Recommender Systems, Tabular, Time Series / Forecasting","Demand Forecasting, Marketing Intelligence, Recommender systems",Less than 3 months,Amazon Web Services,"Inconsistency of training and experimentation environments, Access to relevant data for training, Showcasing business impact and business value",MLFlow,Databricks,Databricks,Databricks,Databricks,Custom Built In-house tool,Databricks,Deltalake,Amazon Bedrock,Retail,"5,000-50,000 employees",10-20,21-100,"Central Machine Learning Platform / Team, Data Platform / Data Engineering Organisation",Less than 10%,"A/B Tests for Models, CI/CD for continuous deployment",Machine Learning Engineer,Director/VP,45-49,Denmark,Male,,,
14/11/2025 16:58:08,PyTorch/Lightning/Fast.ai,"Image / Computer Vision, LLMs, Recommender Systems, Tabular, Time Series / Forecasting","Marketing Intelligence, Search, Recommender systems, Pricing, Logistics",Less than 6 months,Google Cloud Platform,"Building production-grade machine learning and data pipelines, Machine learning monitoring and observability",Weights & Biases,FEAST,Milvus,Kubeflow,Google Cloud Vertex AI,FastAPI/Flask Wrapper,Custom Built In-house tool,GCP / BigLake,Google Gemini,Technology,"1,000-5,000 employees",5-9,10-20,"Central Machine Learning Platform / Team, Data Platform / Data Engineering Organisation",Between 50% and 90%,"Progressive Rollouts, CI/CD for continuous deployment, Development-Staging-Production Environments",Machine Learning Engineer,Individual Contributor (Junior to Senior),25-29,Germany,Male,momox SE,,
16/11/2025 17:57:49,PyTorch/Lightning/Fast.ai,"Causal Inference, LLMs, Recommender Systems, Search, Tabular, Text / NLP (Non-LLM), Time Series / Forecasting","Demand Forecasting, Marketing Intelligence, Search, Recommender systems, Fraud, Risk, Pricing, Product",Less than 3 months,Amazon Web Services,"Showcasing business impact and business value, Machine learning security, Governance and domain risks",Weights & Biases,Custom Built In-house tool,Pgvector,Airflow,Amazon SageMaker,Sagemaker,Neptune AI,AWS / Lakeformation,All of the above,Technology,Less than 10 employees,2-5,5-9,"A Developer Productivity Team which also covers machine learning, Central Machine Learning Platform / Team, Data Platform / Data Engineering Organisation, AI Risk & Governance Function, AI Inventory (Keeping track of all AI usecases and models)",Between 10% and 30%,"A/B Tests for Models, CI/CD for continuous deployment, Development-Staging-Production Environments",Business / Domain Practitioner,Individual Contributor (Staff+),25-29,USA,Male,,,
21/11/2025 07:36:14,XGBoost,LLMs,Data Extraction,Less than a month,Amazon Web Services,"Inconsistency of training and experimentation environments, Lack of specialised engineers, Machine learning monitoring and observability",MLFlow,,Qdrant,Airflow,Databricks,Databricks,Arize AI,Snowflake,OpenAI,Financial services,"1,000-5,000 employees",10-20,21-100,AI Risk & Governance Function,Between 50% and 90%,CI/CD for continuous deployment,Data Scientist,C-Suite,60+,USA,Male,Carlyle,,
23/11/2025 16:32:57,PyTorch/Lightning/Fast.ai,"Causal Inference, Image / Computer Vision, LLMs, Recommender Systems, Search, Tabular, Text / NLP (Non-LLM), Time Series / Forecasting","Demand Forecasting, Marketing Intelligence, Search, Recommender systems, Fraud, Risk, Pricing",Less than 6 months,Google Cloud Platform,"Building production-grade machine learning and data pipelines, Machine learning monitoring and observability, Governance and domain risks",Weights & Biases,Custom Built In-house tool,Weaviate,Airflow,Azure ML Studio,Sagemaker,Neptune AI,Azure DataLake,Google Gemini,Electronics,Less than 10 employees,5-9,10-20,"A Developer Productivity Team which also covers machine learning, Central Machine Learning Platform / Team, Data Platform / Data Engineering Organisation",Between 10% and 30%,"Canary Deployments, A/B Tests for Models, CI/CD for continuous deployment",Machine Learning Engineer,Individual Contributor (Junior to Senior),30-34,India,Male,Shailesh Chandra Pandey ,,
24/11/2025 02:22:50,Sklearn,"LLMs, Recommender Systems, Search, Text / NLP (Non-LLM)","Search, Recommender systems",Less than a month,Azure,"Access to relevant data for training, Showcasing business impact and business value, Machine learning monitoring and observability",MLFlow,,,,Azure ML Studio,,,,Azure AI,Technology,"50,000+ employees",1000+,100-1000,"A Developer Productivity Team which also covers machine learning, Central Machine Learning Platform / Team, Data Platform / Data Engineering Organisation, AI Risk & Governance Function, AI Inventory (Keeping track of all AI usecases and models)",Between 50% and 90%,"A/B Tests for Models, CI/CD for continuous deployment, Development-Staging-Production Environments",Data Scientist,Individual Contributor (Junior to Senior),25-29,uk,Male,,,
26/11/2025 13:48:03,XGBoost,"Tabular, Time Series / Forecasting","Demand Forecasting, Marketing Intelligence, Fraud, Risk",Less than 3 months,Azure,"Inconsistency of training and experimentation environments, Access to relevant data for training, Building production-grade machine learning and data pipelines",MLFlow,Databricks,,Databricks,Databricks,Docker / Azure Functions,Custom Built In-house tool,Databricks,,Financial services,50-250 employees,10-20,10-20,"Central Machine Learning Platform / Team, Data Platform / Data Engineering Organisation, AI Risk & Governance Function",Between 10% and 30%,"Progressive Rollouts, CI/CD for continuous deployment, Development-Staging-Production Environments",MLOps Engineer,Individual Contributor (Staff+),30-34,Luxembourg,Male,,,
26/11/2025 16:15:48,PyTorch/Lightning/Fast.ai,Time Series / Forecasting,Risk,Less than a week,Amazon Web Services,"Showcasing business impact and business value, Building production-grade machine learning and data pipelines, Machine learning monitoring and observability",MLFlow,,,Airflow,Lightning AI,LitServe,,GCP / BigLake,Cursor,Financial services,Less than 10 employees,1,2-5,,Less than 10%,Development-Staging-Production Environments,MLOps Engineer,Individual Contributor (Staff+),40-44,United Kingdom,Male,Synthera AI,,
26/11/2025 21:03:56,Lightgbm,"Tabular, Time Series / Forecasting",Demand Forecasting,Less than a month,Hetzner,"Access to relevant data for training, Machine learning monitoring and observability",,,,Celery,,FastAPI/Flask Wrapper,,,OpenAI,Energy,Less than 10 employees,1000+,1000+,A Developer Productivity Team which also covers machine learning,Less than 10%,Development-Staging-Production Environments,Business / Domain Practitioner,Manager,30-34,Sweden,Male,,,
27/11/2025 14:14:19,PyTorch/Lightning/Fast.ai,"Image / Computer Vision, LLMs, Recommender Systems, Tabular, Time Series / Forecasting","Demand Forecasting, Risk, Pricing",Less than 3 months,Amazon Web Services,"Gaps in tooling and support for model productionisation, Lack of specialised data scientists, Machine learning monitoring and observability",MLFlow,Custom Built In-house tool,Custom Built In-house tool,AWS Step Functions,Custom Built In-house tool,Custom Built In-house tool,Custom Built In-house tool,Custom Built In-house tool,Amazon Bedrock,Hospitality,"1,000-5,000 employees",5-9,10-20,"Central Machine Learning Platform / Team, Data Platform / Data Engineering Organisation, AI Risk & Governance Function, AI Inventory (Keeping track of all AI usecases and models)",Between 10% and 30%,"A/B Tests for Models, Progressive Rollouts, CI/CD for continuous deployment",Business / Domain Practitioner,Director/VP,40-44,Germany,Male,,,
01/12/2025 05:34:12,TensorFlow,"Image / Computer Vision, Time Series / Forecasting","Demand Forecasting, Recommender systems",More than a year,Google Cloud Platform,"Gaps in tooling and support for model productionisation, Access to relevant data for training, Machine learning monitoring and observability",MLFlow,,,,,,,Custom Built In-house tool,OpenAI,Technology,"250-1,000 employees",,,"A Developer Productivity Team which also covers machine learning, Data Platform / Data Engineering Organisation, AI Risk & Governance Function",,,Machine Learning Engineer,Manager,45-49,,Male,,,
01/12/2025 14:50:40,Sklearn,"LLMs, Recommender Systems, Tabular, Time Series / Forecasting","Demand Forecasting, Marketing Intelligence, Fraud, Risk, Pricing",Less than a year,Azure,"Lack of specialised engineers, Lack of specialised data scientists, Building production-grade machine learning and data pipelines",MLFlow,azure ml's,azure search,,Azure ML Studio,Azure ML,Evidently AI,Azure DataLake,OpenAI,Insurance,"5,000-50,000 employees",5-9,21-100,"Central Machine Learning Platform / Team, Data Platform / Data Engineering Organisation, AI Inventory (Keeping track of all AI usecases and models)",Between 50% and 90%,"Progressive Rollouts, CI/CD for continuous deployment, Development-Staging-Production Environments",MLOps Engineer,Individual Contributor (Staff+),35-39,nl,,,,